balance_id,employee_id,calendar_year,annual_entitlement,annual_used,annual_pending,sick_entitlement,sick_used,personal_entitlement,personal_used,updated_at
BAL001,E001,2026,25,8,0,12,1,5,0,2026-09-08
BAL002,E002,2026,20,5,0,10,0,3,0,2026-09-08
BAL003,E003,2026,25,9,0,12,0,5,1,2026-09-08
BAL004,E004,2026,25,6,2,12,0,5,0,2026-09-08
BAL005,E005,2026,20,3,0,10,2,3,0,2026-09-08
BAL006,E006,2026,25,7,0,12,0,5,0,2026-09-08
BAL007,E007,2026,20,4,3,10,0,3,0,2026-09-08
BAL008,E008,2026,20,2,0,10,0,3,1,2026-09-08
BAL009,E009,2026,25,5,0,12,1,5,0,2026-09-08
BAL010,E010,2026,20,7,0,10,0,3,0,2026-09-08
BAL011,E011,2026,20,3,0,10,0,3,0,2026-09-08
BAL012,E012,2026,25,4,0,12,0,5,0,2026-09-08
