payroll_input_id,employee_id,pay_period,attendance_days,absence_days,leave_deduction,overtime_hours,overtime_pay,incentive_bonus,gross_pay,other_deductions,net_pay,payroll_status,export_batch
PAY001,E001,2026-08,21,0,0,2,186,500,6200,1420,5466,Processed,EXP-2026-08
PAY002,E002,2026-08,20,1,135,4,180,250,5400,1310,4385,Processed,EXP-2026-08
PAY003,E003,2026-08,22,0,0,8,744,850,7800,1710,7684,Processed,EXP-2026-08
PAY004,E004,2026-08,21,0,0,3,186,400,6900,1510,5976,Processed,EXP-2026-08
PAY005,E005,2026-08,19,2,220,0,0,0,4800,960,3620,Pending,
PAY006,E006,2026-08,22,0,0,1,93,700,7300,1620,6473,Processed,EXP-2026-08
PAY007,E007,2026-08,20,1,160,6,372,300,6100,1340,5272,Processed,EXP-2026-08
PAY008,E008,2026-08,22,0,0,0,0,200,5900,1290,4810,Processed,EXP-2026-08
PAY009,E009,2026-08,21,0,0,2,124,350,6400,1400,5474,Processed,EXP-2026-08
PAY010,E010,2026-08,22,0,0,5,550,250,5600,1210,5190,Processed,EXP-2026-08
PAY011,E011,2026-08,20,1,120,0,0,150,5100,1090,4040,Processed,EXP-2026-08
PAY012,E012,2026-08,22,0,0,1,78,300,6100,1320,5158,Processed,EXP-2026-08
